{
	"parent": "item/handheld_rod",
	"textures": {
		"layer0": "item/carrot_on_a_stick"
	},
	"overrides": [
		{ "predicate": {"custom_model_data": 3190001}, "model": "math/calculator"},
		{ "predicate": {"custom_model_data": 3190002}, "model": "gps/gps_off"},
		{ "predicate": {"custom_model_data": 3190003}, "model": "gps/gps_on"},
		{ "predicate": {"custom_model_data": 3190004}, "model": "gps/structure_tracker"},
		{ "predicate": {"custom_model_data": 3190005}, "model": "morph/morph_septor"}
	]
}
