{
	"parent": "block/cube_directional",
	"textures": {
		"down": "block/jigsaw_side",
		"east": "block/jigsaw_side",
		"north": "block/jigsaw_top",
		"south": "block/jigsaw_bottom",
		"up": "block/jigsaw_lock",
		"west": "block/jigsaw_side"
	},
	"overrides": [
		{ "predicate": {"custom_model_data": 641001}, "model":"fish/angelfish"},
        { "predicate": {"custom_model_data": 641002}, "model":"fish/angler"},
        { "predicate": {"custom_model_data": 641004}, "model":"fish/barracuda"},
        { "predicate": {"custom_model_data": 641007}, "model":"fish/clam"},
        { "predicate": {"custom_model_data": 641009}, "model":"fish/diamond_angler"},
        { "predicate": {"custom_model_data": 641014}, "model":"fish/guppy"},
        { "predicate": {"custom_model_data": 641015}, "model":"fish/illager_ghostfish"},
        { "predicate": {"custom_model_data": 641016}, "model":"fish/ironfish"},
        { "predicate": {"custom_model_data": 641019}, "model":"fish/ocean_hermit_crab"},
        { "predicate": {"custom_model_data": 641020}, "model":"fish/octopus"},
        { "predicate": {"custom_model_data": 641022}, "model":"fish/pearl_isopod"},
        { "predicate": {"custom_model_data": 641023}, "model":"fish/piglish"},
        { "predicate": {"custom_model_data": 641025}, "model":"fish/piranha"},
        { "predicate": {"custom_model_data": 641027}, "model":"fish/rosefish"},
        { "predicate": {"custom_model_data": 641029}, "model":"fish/true_goldfish"},
        { "predicate": {"custom_model_data": 641030}, "model":"fish/vampire_squid"},
		{ "predicate": {"custom_model_data": 3190001}, "model": "math/math_shard"},
		{ "predicate": {"custom_model_data": 3190002}, "model": "math/compressed_math_shard"}
	]
}
