{
	"parent": "item/handheld",
	"textures": {
		"layer0": "item/stick"
	},
	"overrides": [
        { "predicate": {"custom_model_data": 641001}, "model":"fish/angelfish"},
        { "predicate": {"custom_model_data": 641002}, "model":"fish/angler"},
        { "predicate": {"custom_model_data": 641003}, "model":"fish/arrow_squid"},
        { "predicate": {"custom_model_data": 641004}, "model":"fish/barracuda"},
        { "predicate": {"custom_model_data": 641005}, "model":"fish/blazekoi"},
        { "predicate": {"custom_model_data": 641006}, "model":"fish/blobfish"},
        { "predicate": {"custom_model_data": 641007}, "model":"fish/clam"},
        { "predicate": {"custom_model_data": 641008}, "model":"fish/crab"},
        { "predicate": {"custom_model_data": 641009}, "model":"fish/diamond_angler"},
        { "predicate": {"custom_model_data": 641010}, "model":"fish/electric_eel"},
        { "predicate": {"custom_model_data": 641011}, "model":"fish/endray"},
        { "predicate": {"custom_model_data": 641012}, "model":"fish/end_dragonfish"},
        { "predicate": {"custom_model_data": 641013}, "model":"fish/gar"},
        { "predicate": {"custom_model_data": 641014}, "model":"fish/guppy"},
        { "predicate": {"custom_model_data": 641015}, "model":"fish/illager_ghostfish"},
        { "predicate": {"custom_model_data": 641016}, "model":"fish/ironfish"},
        { "predicate": {"custom_model_data": 641017}, "model":"fish/leech"},
        { "predicate": {"custom_model_data": 641018}, "model":"fish/lobster"},
        { "predicate": {"custom_model_data": 641019}, "model":"fish/ocean_hermit_crab"},
        { "predicate": {"custom_model_data": 641020}, "model":"fish/octopus"},
        { "predicate": {"custom_model_data": 641021}, "model":"fish/paddlefish"},
        { "predicate": {"custom_model_data": 641022}, "model":"fish/pearl_isopod"},
        { "predicate": {"custom_model_data": 641023}, "model":"fish/piglish"},
        { "predicate": {"custom_model_data": 641024}, "model":"fish/pink_seashroom"},
        { "predicate": {"custom_model_data": 641025}, "model":"fish/piranha"},
        { "predicate": {"custom_model_data": 641026}, "model":"fish/rockfish"},
        { "predicate": {"custom_model_data": 641027}, "model":"fish/rosefish"},
        { "predicate": {"custom_model_data": 641028}, "model":"fish/totemfish"},
        { "predicate": {"custom_model_data": 641029}, "model":"fish/true_goldfish"},
        { "predicate": {"custom_model_data": 641030}, "model":"fish/vampire_squid"}
    ]
}