{
	"parent": "item/handheld",
	"textures": {
		"layer0": "item/wooden_sword"
	},
	"overrides": [
		{ "predicate": {"custom_model_data": 641005}, "model":"fish/blazekoi"},
		{ "predicate": {"custom_model_data": 641008}, "model":"fish/crab"},
		{ "predicate": {"custom_model_data": 641010}, "model":"fish/electric_eel"},
		{ "predicate": {"custom_model_data": 641013}, "model":"fish/gar"},
		{ "predicate": {"custom_model_data": 641018}, "model":"fish/lobster"},
        { "predicate": {"custom_model_data": 641021}, "model":"fish/paddlefish"}
    ]
}