{
	"textures": {
		"top": "math/crafter/crafter_top",
		"side1": "math/crafter/crafter_side_1",
		"side2": "math/crafter/crafter_side_3",
		"side3": "math/crafter/crafter_side_2",
		"side4": "math/crafter/crafter_side_4",
		"bottom": "math/crafter/crafter_bottom"
	},
	"elements": [ 	 
		{
			"__comment": "Box2",
			"from": [ -0.004, 0, 0 ],
			"to": [ 15.996, 16, 16 ],
			"faces": {
				"down": { "uv": [ 0, 0, 15.99603, 16 ], "texture": "#bottom" },
				"up": { "uv": [ 0, 0, 15.99603, 16 ], "texture": "#top" },
				"north": { "uv": [ 0.003968239, 0, 16, 16 ], "texture": "#side2" },
				"south": { "uv": [ 0, 0, 15.99603, 16 ], "texture": "#side3" },
				"west": { "uv": [ 0, 0, 16, 16 ], "texture": "#side1" },
				"east": { "uv": [ 0, 0, 16, 16 ], "texture": "#side4" }
			}
		}
	],
	"display": {
		"thirdperson_righthand": {
			"rotation": [0, -45, 0],
			"translation": [0, -1.25, 0],
			"scale": [0.3, 0.3, 0.3]
		},
		"thirdperson_lefthand": {
			"rotation": [0, -45, 0],
			"translation": [0, -1.25, 0],
			"scale": [0.3, 0.3, 0.3]
		},
		"firstperson_righthand": {
			"rotation": [0, -27, 0],
			"translation": [-1.5, 0.5, 0.75],
			"scale": [0.4, 0.4, 0.4]
		},
		"firstperson_lefthand": {
			"rotation": [0, -27, 0],
			"translation": [-1.5, 0.5, 0.75],
			"scale": [0.4, 0.4, 0.4]
		},
		"ground": {
			"scale": [0.3, 0.3, 0.3]
		},
		"gui": {
			"rotation": [18, -45, 0],
			"scale": [0.6, 0.6, 0.6]
		},
		"head": {
			"translation": [0, -15.9, 0],
			"scale": [2.3, 2.3, 2.3]
		},
		"fixed": {
			"rotation":  [ 90, 180, 180 ],
			"scale": [2.005, 2.005, 2.005],
			"translation": [0, 0, -16]
		}
	}
}