{
    "sources": [
        {
            "type": "single",
            "resource": "minecraft:throwable-eggs/throwable-bogged-spawn-egg"
        },
        {
            "type": "single",
            "resource": "minecraft:throwable-eggs/throwable-breeze-spawn-egg"
        },
        {
            "type": "single",
            "resource": "minecraft:fish/angelfish"
        },
        {
            "type": "single",
            "resource": "minecraft:fish/angler"
        },
        {
            "type": "single",
            "resource": "minecraft:fish/arrow_squid"
        },
        {
            "type": "single",
            "resource": "minecraft:fish/barracuda"
        },
        {
            "type": "single",
            "resource": "minecraft:fish/blazekoi"
        },
        {
            "type": "single",
            "resource": "minecraft:fish/blobfish"
        },
        {
            "type": "single",
            "resource": "minecraft:fish/clam"
        },
        {
            "type": "single",
            "resource": "minecraft:fish/crab"
        },
        {
            "type": "single",
            "resource": "minecraft:fish/diamond_angler"
        },
        {
            "type": "single",
            "resource": "minecraft:fish/electric_eel"
        },
        {
            "type": "single",
            "resource": "minecraft:fish/endray"
        },
        {
            "type": "single",
            "resource": "minecraft:fish/end_dragonfish"
        },
        {
            "type": "single",
            "resource": "minecraft:fish/gar"
        },
        {
            "type": "single",
            "resource": "minecraft:fish/guppy"
        },
        {
            "type": "single",
            "resource": "minecraft:fish/illager_ghostfish"
        },
        {
            "type": "single",
            "resource": "minecraft:fish/ironfish"
        },
        {
            "type": "single",
            "resource": "minecraft:fish/leech"
        },
        {
            "type": "single",
            "resource": "minecraft:fish/lobster"
        },
        {
            "type": "single",
            "resource": "minecraft:fish/ocean_hermit_crab"
        },
        {
            "type": "single",
            "resource": "minecraft:fish/octopus"
        },
        {
            "type": "single",
            "resource": "minecraft:fish/paddlefish"
        },
        {
            "type": "single",
            "resource": "minecraft:fish/pearl_isopod"
        },
        {
            "type": "single",
            "resource": "minecraft:fish/piglish"
        },
        {
            "type": "single",
            "resource": "minecraft:fish/pink_seashroom"
        },
        {
            "type": "single",
            "resource": "minecraft:fish/piranha"
        },
        {
            "type": "single",
            "resource": "minecraft:fish/rockfish"
        },
        {
            "type": "single",
            "resource": "minecraft:fish/rosefish"
        },
        {
            "type": "single",
            "resource": "minecraft:fish/totemfish"
        },
        {
            "type": "single",
            "resource": "minecraft:fish/true_goldfish"
        },
        {
            "type": "single",
            "resource": "minecraft:fish/vampire_squid"
        },
        {
            "type": "single",
            "resource": "minecraft:morph/morph_septor"
        },
        {
            "type": "single",
            "resource": "minecraft:gps/structure_tracker"
        },
        {
            "type": "single",
            "resource": "minecraft:gps/gps_off"
        },
        {
            "type": "single",
            "resource": "minecraft:gps/gps_on"
        },
        {
            "type": "single",
            "resource": "minecraft:crafter-gui/crafting_ui"
        },
        {
            "type": "single",
            "resource": "minecraft:crafter-gui/invisible"
        },
        {
            "type": "single",
            "resource": "minecraft:math/item/calculator"
        },
        {
            "type": "single",
            "resource": "minecraft:math/item/compressed_math_shard"
        },
        {
            "type": "single",
            "resource": "minecraft:math/crafter/crafter_top"
        },
        {
            "type": "single",
            "resource": "minecraft:math/crafter/crafter_side_1"
        },
        {
            "type": "single",
            "resource": "minecraft:math/crafter/crafter_side_3"
        },
        {
            "type": "single",
            "resource": "minecraft:math/crafter/crafter_side_2"
        },
        {
            "type": "single",
            "resource": "minecraft:math/crafter/crafter_side_4"
        },
        {
            "type": "single",
            "resource": "minecraft:math/crafter/crafter_bottom"
        },
        {
            "type": "single",
            "resource": "minecraft:math/item/math_shard"
        },
        {
            "type": "single",
            "resource": "minecraft:skyblock/bridge"
        },
        {
            "type": "single",
            "resource": "minecraft:skyblock/cobblestone-generator"
        },
        {
            "type": "single",
            "resource": "minecraft:skyblock/platform"
        },
        {
            "type": "single",
            "resource": "minecraft:skyblock/tnt-cannon"
        },
        {
            "type": "single",
            "resource": "minecraft:skyblock/tower"
        },
        {
            "type": "single",
            "resource": "minecraft:skyblock/wall"
        },
        {
            "type": "single",
            "resource": "minecraft:skyblock/water-platform"
        },
        {
            "type": "single",
            "resource": "minecraft:throwable-eggs/throwable-allay-spawn-egg"
        },
        {
            "type": "single",
            "resource": "minecraft:throwable-eggs/throwable-armadillo-spawn-egg"
        },
        {
            "type": "single",
            "resource": "minecraft:throwable-eggs/throwable-angry-bee-spawn-egg"
        },
        {
            "type": "single",
            "resource": "minecraft:throwable-eggs/throwable-angry-brown-panda-spawn-egg"
        },
        {
            "type": "single",
            "resource": "minecraft:throwable-eggs/throwable-angry-dolphin-spawn-egg"
        },
        {
            "type": "single",
            "resource": "minecraft:throwable-eggs/throwable-angry-enderman-spawn-egg"
        },
        {
            "type": "single",
            "resource": "minecraft:throwable-eggs/throwable-angry-iron-golem-spawn-egg"
        },
        {
            "type": "single",
            "resource": "minecraft:throwable-eggs/throwable-angry-llama-spawn-egg"
        },
        {
            "type": "single",
            "resource": "minecraft:throwable-eggs/throwable-angry-panda-spawn-egg"
        },
        {
            "type": "single",
            "resource": "minecraft:throwable-eggs/throwable-angry-polar-bear-spawn-egg"
        },
        {
            "type": "single",
            "resource": "minecraft:throwable-eggs/throwable-angry-trader-llama-spawn-egg"
        },
        {
            "type": "single",
            "resource": "minecraft:throwable-eggs/throwable-angry-wolf-spawn-egg"
        },
        {
            "type": "single",
            "resource": "minecraft:throwable-eggs/throwable-angry-zombified-piglin-spawn-egg"
        },
        {
            "type": "single",
            "resource": "minecraft:throwable-eggs/throwable-axolotl-spawn-egg"
        },
        {
            "type": "single",
            "resource": "minecraft:throwable-eggs/throwable-bat-spawn-egg"
        },
        {
            "type": "single",
            "resource": "minecraft:throwable-eggs/throwable-bee-spawn-egg"
        },
        {
            "type": "single",
            "resource": "minecraft:throwable-eggs/throwable-blaze-spawn-egg"
        },
        {
            "type": "single",
            "resource": "minecraft:throwable-eggs/throwable-brown-mooshroom-spawn-egg"
        },
        {
            "type": "single",
            "resource": "minecraft:throwable-eggs/throwable-brown-panda-spawn-egg"
        },
        {
            "type": "single",
            "resource": "minecraft:throwable-eggs/throwable-camel-spawn-egg"
        },
        {
            "type": "single",
            "resource": "minecraft:throwable-eggs/throwable-cat-spawn-egg"
        },
        {
            "type": "single",
            "resource": "minecraft:throwable-eggs/throwable-cave-spider-spawn-egg"
        },
        {
            "type": "single",
            "resource": "minecraft:throwable-eggs/throwable-charged-creeper-spawn-egg"
        },
        {
            "type": "single",
            "resource": "minecraft:throwable-eggs/throwable-chicken-spawn-egg"
        },
        {
            "type": "single",
            "resource": "minecraft:throwable-eggs/throwable-cod-spawn-egg"
        },
        {
            "type": "single",
            "resource": "minecraft:throwable-eggs/throwable-cow-spawn-egg"
        },
        {
            "type": "single",
            "resource": "minecraft:throwable-eggs/throwable-creeper-spawn-egg"
        },
        {
            "type": "single",
            "resource": "minecraft:throwable-eggs/throwable-dolphin-spawn-egg"
        },
        {
            "type": "single",
            "resource": "minecraft:throwable-eggs/throwable-donkey-spawn-egg"
        },
        {
            "type": "single",
            "resource": "minecraft:throwable-eggs/throwable-drowned-spawn-egg"
        },
        {
            "type": "single",
            "resource": "minecraft:throwable-eggs/throwable-elder-guardian-spawn-egg"
        },
        {
            "type": "single",
            "resource": "minecraft:throwable-eggs/throwable-ender-dragon-spawn-egg"
        },
        {
            "type": "single",
            "resource": "minecraft:throwable-eggs/throwable-enderman-spawn-egg"
        },
        {
            "type": "single",
            "resource": "minecraft:throwable-eggs/throwable-endermite-egg"
        },
        {
            "type": "single",
            "resource": "minecraft:throwable-eggs/throwable-evoker-spawn-egg"
        },
        {
            "type": "single",
            "resource": "minecraft:throwable-eggs/throwable-fox-spawn-egg"
        },
        {
            "type": "single",
            "resource": "minecraft:throwable-eggs/throwable-frog-spawn-egg"
        },
        {
            "type": "single",
            "resource": "minecraft:throwable-eggs/throwable-ghast-spawn-egg"
        },
        {
            "type": "single",
            "resource": "minecraft:throwable-eggs/throwable-giant-spawn-egg"
        },
        {
            "type": "single",
            "resource": "minecraft:throwable-eggs/throwable-glow-squid-spawn-egg"
        },
        {
            "type": "single",
            "resource": "minecraft:throwable-eggs/throwable-goat-spawn-egg"
        },
        {
            "type": "single",
            "resource": "minecraft:throwable-eggs/throwable-guardian-spawn-egg"
        },
        {
            "type": "single",
            "resource": "minecraft:throwable-eggs/throwable-hoglin-spawn-egg"
        },
        {
            "type": "single",
            "resource": "minecraft:throwable-eggs/throwable-horse-spawn-egg"
        },
        {
            "type": "single",
            "resource": "minecraft:throwable-eggs/throwable-husk-spawn-egg"
        },
        {
            "type": "single",
            "resource": "minecraft:throwable-eggs/throwable-illusioner-spawn-egg"
        },
        {
            "type": "single",
            "resource": "minecraft:throwable-eggs/throwable-iron-golem-spawn-egg"
        },
        {
            "type": "single",
            "resource": "minecraft:throwable-eggs/throwable-killer-bunny-spawn-egg"
        },
        {
            "type": "single",
            "resource": "minecraft:throwable-eggs/throwable-llama-spawn-egg"
        },
        {
            "type": "single",
            "resource": "minecraft:throwable-eggs/throwable-magma-cube-spawn-egg"
        },
        {
            "type": "single",
            "resource": "minecraft:throwable-eggs/throwable-mooshroom-spawn-egg"
        },
        {
            "type": "single",
            "resource": "minecraft:throwable-eggs/throwable-mule-spawn-egg"
        },
        {
            "type": "single",
            "resource": "minecraft:throwable-eggs/throwable-ocelot-spawn-egg"
        },
        {
            "type": "single",
            "resource": "minecraft:throwable-eggs/throwable-panda-spawn-egg"
        },
        {
            "type": "single",
            "resource": "minecraft:throwable-eggs/throwable-parrot-spawn-egg"
        },
        {
            "type": "single",
            "resource": "minecraft:throwable-eggs/throwable-phantom-spawn-egg"
        },
        {
            "type": "single",
            "resource": "minecraft:throwable-eggs/throwable-pig-spawn-egg"
        },
        {
            "type": "single",
            "resource": "minecraft:throwable-eggs/throwable-piglin-brute-spawn-egg"
        },
        {
            "type": "single",
            "resource": "minecraft:throwable-eggs/throwable-piglin-spawn-egg"
        },
        {
            "type": "single",
            "resource": "minecraft:throwable-eggs/throwable-pillager-spawn-egg"
        },
        {
            "type": "single",
            "resource": "minecraft:throwable-eggs/throwable-polar-bear-spawn-egg"
        },
        {
            "type": "single",
            "resource": "minecraft:throwable-eggs/throwable-pufferfish-spawn-egg"
        },
        {
            "type": "single",
            "resource": "minecraft:throwable-eggs/throwable-rabbit-spawn-egg"
        },
        {
            "type": "single",
            "resource": "minecraft:throwable-eggs/throwable-ravager-spawn-egg"
        },
        {
            "type": "single",
            "resource": "minecraft:throwable-eggs/throwable-salmon-spawn-egg"
        },
        {
            "type": "single",
            "resource": "minecraft:throwable-eggs/throwable-sheep-spawn-egg"
        },
        {
            "type": "single",
            "resource": "minecraft:throwable-eggs/throwable-shulker-spawn-egg"
        },
        {
            "type": "single",
            "resource": "minecraft:throwable-eggs/throwable-silverfish-spawn-egg"
        },
        {
            "type": "single",
            "resource": "minecraft:throwable-eggs/throwable-skeleton-horse-spawn-egg"
        },
        {
            "type": "single",
            "resource": "minecraft:throwable-eggs/throwable-skeleton-spawn-egg"
        },
        {
            "type": "single",
            "resource": "minecraft:throwable-eggs/throwable-slime-spawn-egg"
        },
        {
            "type": "single",
            "resource": "minecraft:throwable-eggs/throwable-sniffer-spawn-egg"
        },
        {
            "type": "single",
            "resource": "minecraft:throwable-eggs/throwable-snow-golem-spawn-egg"
        },
        {
            "type": "single",
            "resource": "minecraft:throwable-eggs/throwable-spider-spawn-egg"
        },
        {
            "type": "single",
            "resource": "minecraft:throwable-eggs/throwable-squid-spawn-egg"
        },
        {
            "type": "single",
            "resource": "minecraft:throwable-eggs/throwable-stray-spawn-egg"
        },
        {
            "type": "single",
            "resource": "minecraft:throwable-eggs/throwable-strider-spawn-egg"
        },
        {
            "type": "single",
            "resource": "minecraft:throwable-eggs/throwable-tadpole-spawn-egg"
        },
        {
            "type": "single",
            "resource": "minecraft:throwable-eggs/throwable-trader-llama-spawn-egg"
        },
        {
            "type": "single",
            "resource": "minecraft:throwable-eggs/throwable-tropical-fish-spawn-egg"
        },
        {
            "type": "single",
            "resource": "minecraft:throwable-eggs/throwable-turtle-spawn-egg"
        },
        {
            "type": "single",
            "resource": "minecraft:throwable-eggs/throwable-unused-spawn-egg"
        },
        {
            "type": "single",
            "resource": "minecraft:throwable-eggs/throwable-vex-spawn-egg"
        },
        {
            "type": "single",
            "resource": "minecraft:throwable-eggs/throwable-villager-spawn-egg"
        },
        {
            "type": "single",
            "resource": "minecraft:throwable-eggs/throwable-vindicator-spawn-egg"
        },
        {
            "type": "single",
            "resource": "minecraft:throwable-eggs/throwable-wandering-trader-spawn-egg"
        },
        {
            "type": "single",
            "resource": "minecraft:throwable-eggs/throwable-warden-spawn-egg"
        },
        {
            "type": "single",
            "resource": "minecraft:throwable-eggs/throwable-witch-spawn-egg"
        },
        {
            "type": "single",
            "resource": "minecraft:throwable-eggs/throwable-wither-skeleton-spawn-egg"
        },
        {
            "type": "single",
            "resource": "minecraft:throwable-eggs/throwable-wither-spawn-egg"
        },
        {
            "type": "single",
            "resource": "minecraft:throwable-eggs/throwable-wolf-spawn-egg"
        },
        {
            "type": "single",
            "resource": "minecraft:throwable-eggs/throwable-zoglin-spawn-egg"
        },
        {
            "type": "single",
            "resource": "minecraft:throwable-eggs/throwable-zombie-horse-spawn-egg"
        },
        {
            "type": "single",
            "resource": "minecraft:throwable-eggs/throwable-zombie-spawn-egg"
        },
        {
            "type": "single",
            "resource": "minecraft:throwable-eggs/throwable-zombie-villager-spawn-egg"
        },
        {
            "type": "single",
            "resource": "minecraft:throwable-eggs/throwable-zombified-piglin-spawn-egg"
        }
    ]
}