{
	"parent": "item/handheld",
	"textures": {
		"layer0": "item/ender_pearl"
	},
	"overrides": [
		{ "predicate": {"custom_model_data": 792001}, "model":"skyblock/cobblestone-generator"},
		{ "predicate": {"custom_model_data": 792002}, "model":"skyblock/bridge"},
		{ "predicate": {"custom_model_data": 792003}, "model":"skyblock/tower"},
		{ "predicate": {"custom_model_data": 792004}, "model":"skyblock/tnt-cannon"},
		{ "predicate": {"custom_model_data": 792005}, "model":"skyblock/wall"},
		{ "predicate": {"custom_model_data": 792006}, "model":"skyblock/platform"},
		{ "predicate": {"custom_model_data": 792007}, "model":"skyblock/water-platform"}
	]
}