{
	"parent": "item/handheld",
	"textures": {
		"layer0": "item/snowball"
	},
	"overrides": [
		{ "predicate": {"custom_model_data": 782000}, "model":"throwable-eggs/throwable-unused-spawn-egg"},
		{ "predicate": {"custom_model_data": 782001}, "model":"throwable-eggs/throwable-creeper-spawn-egg"},
		{ "predicate": {"custom_model_data": 782002}, "model":"throwable-eggs/throwable-charged-creeper-spawn-egg"},
		{ "predicate": {"custom_model_data": 782003}, "model":"throwable-eggs/throwable-angry-bee-spawn-egg"},
		{ "predicate": {"custom_model_data": 782004}, "model":"throwable-eggs/throwable-skeleton-spawn-egg"},
		{ "predicate": {"custom_model_data": 782005}, "model":"throwable-eggs/throwable-stray-spawn-egg"},
		{ "predicate": {"custom_model_data": 782006}, "model":"throwable-eggs/throwable-slime-spawn-egg"},
		{ "predicate": {"custom_model_data": 782007}, "model":"throwable-eggs/throwable-magma-cube-spawn-egg"},
		{ "predicate": {"custom_model_data": 782008}, "model":"throwable-eggs/throwable-zombie-spawn-egg"},
		{ "predicate": {"custom_model_data": 782009}, "model":"throwable-eggs/throwable-husk-spawn-egg"},
		{ "predicate": {"custom_model_data": 782010}, "model":"throwable-eggs/throwable-blaze-spawn-egg"},
		{ "predicate": {"custom_model_data": 782011}, "model":"throwable-eggs/throwable-ghast-spawn-egg"},
		{ "predicate": {"custom_model_data": 782012}, "model":"throwable-eggs/throwable-zombified-piglin-spawn-egg"},
		{ "predicate": {"custom_model_data": 782013}, "model":"throwable-eggs/throwable-wither-skeleton-spawn-egg"},
		{ "predicate": {"custom_model_data": 782014}, "model":"throwable-eggs/throwable-wither-spawn-egg"},
		{ "predicate": {"custom_model_data": 782015}, "model":"throwable-eggs/throwable-zoglin-spawn-egg"},
		{ "predicate": {"custom_model_data": 782016}, "model":"throwable-eggs/throwable-piglin-spawn-egg"},
		{ "predicate": {"custom_model_data": 782017}, "model":"throwable-eggs/throwable-phantom-spawn-egg"},
		{ "predicate": {"custom_model_data": 782018}, "model":"throwable-eggs/throwable-angry-polar-bear-spawn-egg"},
		{ "predicate": {"custom_model_data": 782019}, "model":"throwable-eggs/throwable-witch-spawn-egg"},
		{ "predicate": {"custom_model_data": 782020}, "model":"throwable-eggs/throwable-guardian-spawn-egg"},
		{ "predicate": {"custom_model_data": 782021}, "model":"throwable-eggs/throwable-elder-guardian-spawn-egg"},
		{ "predicate": {"custom_model_data": 782022}, "model":"throwable-eggs/throwable-spider-spawn-egg"},
		{ "predicate": {"custom_model_data": 782023}, "model":"throwable-eggs/throwable-cave-spider-spawn-egg"},
		{ "predicate": {"custom_model_data": 782024}, "model":"throwable-eggs/throwable-silverfish-spawn-egg"},
		{ "predicate": {"custom_model_data": 782025}, "model":"throwable-eggs/throwable-enderman-spawn-egg"},
		{ "predicate": {"custom_model_data": 782026}, "model":"throwable-eggs/throwable-shulker-spawn-egg"},
		{ "predicate": {"custom_model_data": 782027}, "model":"throwable-eggs/throwable-ender-dragon-spawn-egg"},
		{ "predicate": {"custom_model_data": 782028}, "model":"throwable-eggs/throwable-pillager-spawn-egg"},
		{ "predicate": {"custom_model_data": 782029}, "model":"throwable-eggs/throwable-vindicator-spawn-egg"},
		{ "predicate": {"custom_model_data": 782030}, "model":"throwable-eggs/throwable-ravager-spawn-egg"},
		{ "predicate": {"custom_model_data": 782031}, "model":"throwable-eggs/throwable-angry-enderman-spawn-egg"},
		{ "predicate": {"custom_model_data": 782032}, "model":"throwable-eggs/throwable-angry-zombified-piglin-spawn-egg"},
		{ "predicate": {"custom_model_data": 782033}, "model":"throwable-eggs/throwable-dolphin-spawn-egg"},
		{ "predicate": {"custom_model_data": 782034}, "model":"throwable-eggs/throwable-unused"},
		{ "predicate": {"custom_model_data": 782035}, "model":"throwable-eggs/throwable-trader-llama-spawn-egg"},
		{ "predicate": {"custom_model_data": 782036}, "model":"throwable-eggs/throwable-angry-trader-llama-spawn-egg"},
		{ "predicate": {"custom_model_data": 782037}, "model":"throwable-eggs/throwable-wolf-spawn-egg"},
		{ "predicate": {"custom_model_data": 782038}, "model":"throwable-eggs/throwable-angry-wolf-spawn-egg"},
		{ "predicate": {"custom_model_data": 782039}, "model":"throwable-eggs/throwable-panda-spawn-egg"},
		{ "predicate": {"custom_model_data": 782040}, "model":"throwable-eggs/throwable-brown-panda-spawn-egg"},
		{ "predicate": {"custom_model_data": 782041}, "model":"throwable-eggs/throwable-unused"},
		{ "predicate": {"custom_model_data": 782042}, "model":"throwable-eggs/throwable-angry-panda-spawn-egg"},
		{ "predicate": {"custom_model_data": 782043}, "model":"throwable-eggs/throwable-rabbit-spawn-egg"},
		{ "predicate": {"custom_model_data": 782044}, "model":"throwable-eggs/throwable-killer-bunny-spawn-egg"},
		{ "predicate": {"custom_model_data": 782045}, "model":"throwable-eggs/throwable-llama-spawn-egg"},
		{ "predicate": {"custom_model_data": 782046}, "model":"throwable-eggs/throwable-angry-llama-spawn-egg"},
		{ "predicate": {"custom_model_data": 782047}, "model":"throwable-eggs/throwable-evoker-spawn-egg"},
		{ "predicate": {"custom_model_data": 782048}, "model":"throwable-eggs/throwable-drowned-spawn-egg"},
		{ "predicate": {"custom_model_data": 782049}, "model":"throwable-eggs/throwable-endermite-egg"},
		{ "predicate": {"custom_model_data": 782050}, "model":"throwable-eggs/throwable-piglin-brute-spawn-egg"},
		{ "predicate": {"custom_model_data": 782051}, "model":"throwable-eggs/throwable-pufferfish-spawn-egg"},
		{ "predicate": {"custom_model_data": 782052}, "model":"throwable-eggs/throwable-villager-spawn-egg"},
		{ "predicate": {"custom_model_data": 782053}, "model":"throwable-eggs/throwable-zombie-villager-spawn-egg"},
		{ "predicate": {"custom_model_data": 782054}, "model":"throwable-eggs/throwable-wandering-trader-spawn-egg"},
		{ "predicate": {"custom_model_data": 782055}, "model":"throwable-eggs/throwable-vex-spawn-egg"},
		{ "predicate": {"custom_model_data": 782056}, "model":"throwable-eggs/throwable-iron-golem-spawn-egg"},
		{ "predicate": {"custom_model_data": 782057}, "model":"throwable-eggs/throwable-angry-iron-golem-spawn-egg"},
		{ "predicate": {"custom_model_data": 782058}, "model":"throwable-eggs/throwable-snow-golem-spawn-egg"},
		{ "predicate": {"custom_model_data": 782059}, "model":"throwable-eggs/throwable-bee-spawn-egg"},
		{ "predicate": {"custom_model_data": 782060}, "model":"throwable-eggs/throwable-bat-spawn-egg"},
		{ "predicate": {"custom_model_data": 782061}, "model":"throwable-eggs/throwable-cat-spawn-egg"},
		{ "predicate": {"custom_model_data": 782062}, "model":"throwable-eggs/throwable-chicken-spawn-egg"},
		{ "predicate": {"custom_model_data": 782063}, "model":"throwable-eggs/throwable-cod-spawn-egg"},
		{ "predicate": {"custom_model_data": 782064}, "model":"throwable-eggs/throwable-cow-spawn-egg"},
		{ "predicate": {"custom_model_data": 782065}, "model":"throwable-eggs/throwable-donkey-spawn-egg"},
		{ "predicate": {"custom_model_data": 782066}, "model":"throwable-eggs/throwable-fox-spawn-egg"},
		{ "predicate": {"custom_model_data": 782067}, "model":"throwable-eggs/throwable-horse-spawn-egg"},
		{ "predicate": {"custom_model_data": 782068}, "model":"throwable-eggs/throwable-mooshroom-spawn-egg"},
		{ "predicate": {"custom_model_data": 782069}, "model":"throwable-eggs/throwable-brown-mooshroom-spawn-egg"},
		{ "predicate": {"custom_model_data": 782070}, "model":"throwable-eggs/throwable-mule-spawn-egg"},
		{ "predicate": {"custom_model_data": 782071}, "model":"throwable-eggs/throwable-turtle-spawn-egg"},
		{ "predicate": {"custom_model_data": 782072}, "model":"throwable-eggs/throwable-ocelot-spawn-egg"},
		{ "predicate": {"custom_model_data": 782073}, "model":"throwable-eggs/throwable-parrot-spawn-egg"},
		{ "predicate": {"custom_model_data": 782074}, "model":"throwable-eggs/throwable-pig-spawn-egg"},
		{ "predicate": {"custom_model_data": 782075}, "model":"throwable-eggs/throwable-polar-bear-spawn-egg"},
		{ "predicate": {"custom_model_data": 782076}, "model":"throwable-eggs/throwable-salmon-spawn-egg"},
		{ "predicate": {"custom_model_data": 782077}, "model":"throwable-eggs/throwable-sheep-spawn-egg"},
		{ "predicate": {"custom_model_data": 782078}, "model":"throwable-eggs/throwable-skeleton-horse-spawn-egg"},
		{ "predicate": {"custom_model_data": 782079}, "model":"throwable-eggs/throwable-squid-spawn-egg"},
		{ "predicate": {"custom_model_data": 782080}, "model":"throwable-eggs/throwable-strider-spawn-egg"},
		{ "predicate": {"custom_model_data": 782081}, "model":"throwable-eggs/throwable-tropical-fish-spawn-egg"},
		{ "predicate": {"custom_model_data": 782082}, "model":"throwable-eggs/throwable-hoglin-spawn-egg"},
		{ "predicate": {"custom_model_data": 782083}, "model":"throwable-eggs/throwable-illusioner-spawn-egg"},
		{ "predicate": {"custom_model_data": 782084}, "model":"throwable-eggs/throwable-zombie-horse-spawn-egg"},
		{ "predicate": {"custom_model_data": 782085}, "model":"throwable-eggs/throwable-giant-spawn-egg"},
		{ "predicate": {"custom_model_data": 782086}, "model":"throwable-eggs/throwable-axolotl-spawn-egg"},
		{ "predicate": {"custom_model_data": 782087}, "model":"throwable-eggs/throwable-goat-spawn-egg"},
		{ "predicate": {"custom_model_data": 782088}, "model":"throwable-eggs/throwable-glow-squid-spawn-egg"},
		{ "predicate": {"custom_model_data": 782089}, "model":"throwable-eggs/throwable-allay-spawn-egg"},
		{ "predicate": {"custom_model_data": 782090}, "model":"throwable-eggs/throwable-tadpole-spawn-egg"},
		{ "predicate": {"custom_model_data": 782091}, "model":"throwable-eggs/throwable-frog-spawn-egg"},
		{ "predicate": {"custom_model_data": 782092}, "model":"throwable-eggs/throwable-warden-spawn-egg"},
		{ "predicate": {"custom_model_data": 782093}, "model":"throwable-eggs/throwable-camel-spawn-egg"},
		{ "predicate": {"custom_model_data": 782094}, "model":"throwable-eggs/throwable-sniffer-spawn-egg"},
		{ "predicate": {"custom_model_data": 782095}, "model":"throwable-eggs/throwable-armadillo-spawn-egg"}

	]
}