{
	"parent": "item/generated",
	"textures": {
		"layer0": "throwable-eggs/throwable-giant-spawn-egg",
		"particle": "throwable-eggs/throwable-giant-spawn-egg"
	},
	"display": {
		"ground": {
			"scale": [1.5, 1.5, 1.5]
		},
		"gui": {
			"scale": [1.5, 1.5, 1.5]
		},
		"thirdperson_righthand": {
			"scale": [1.5, 1.5, 1.5]
		},
		"thirdperson_lefthand": {
			"scale": [1.5, 1.5, 1.5]
		},
		"firstperson_righthand": {
			"scale": [1, 1, 1]
		},
		"firstperson_lefthand": {
			"scale": [1, 1, 1]
		},
		"head": {
			"scale": [1.5, 1.5, 1.5]
		}
	}
}